{"x":[418.5,427.5,437.5,446.5,451.5,458.5,467.5,472.5,472.5,472.5],"y":[480.53334045410156,489.53334045410156,509.53334045410156,552.5333404541016,590.5333404541016,624.5333404541016,649.5333404541016,676.5333404541016,688.5333404541016,694.5333404541016]}